FI,FI_TEXT,LONG_DESC,Meal,URL
5000,Lemon-Garlic Shrimp and Grits,FN Kitchen,L/D,https://www.foodnetwork.com/recipes/food-network-kitchen/lemon-garlic-shrimp-and-grits-recipe-1973610
5001,Low-Cal Fettuccine Alfredo,FN Kitchen,L/D,https://www.foodnetwork.com/recipes/food-network-kitchen/low-cal-fettuccine-alfredo-recipe-2118317
5003,American Macaroni Salald,FN Kitchen,L/D,https://www.foodnetwork.com/recipes/food-network-kitchen/american-macaroni-salad-recipe-2011554
5004,Linguine with Chicken Ragu,FN; Giada De Laurentiis; separate recipe for Marinara Sauce,L/D,https://www.foodnetwork.com/recipes/giada-de-laurentiis/linguine-with-chicken-ragu-recipe-1916204
5005,Spicy Cauliflower Stir-Fry,FN; Ree Drummond,L/D,https://www.foodnetwork.com/recipes/ree-drummond/spicy-cauliflower-stir-fry-2684044
5006,Portobello Lasagna Rollups,FN; Ellie Krieger,L/D,https://www.foodnetwork.com/recipes/ellie-krieger/portobello-lasagna-rollups-recipe-1947518
5007,Slow-Cooker Pork Tacos,FN Kitchen,L/D,https://www.foodnetwork.com/recipes/food-network-kitchen/slow-cooker-pork-tacos-recipe-1972753
5008,Shrimp Stir-Fry,FN; Ree Drummond,L/D,https://www.foodnetwork.com/recipes/ree-drummond/shrimp-stir-fry-2171534
5009,Vietnamese Noodle Soup,FN Kitchen,L/D,https://www.foodnetwork.com/recipes/food-network-kitchen/vietnamese-noodle-soup-recipe-1972821
5010,Broccoli Cheddar Soup,FN Kitchen; Healthified Broccoli .. (using chicken broth),L/D,https://www.foodnetwork.com/recipes/food-network-kitchen/healthified-broccoli-cheddar-soup-recipe-2119129
5011,Lemony Yogurt Pound Cake,FN Kitchen,B/D,https://www.foodnetwork.com/recipes/food-network-kitchen/healthy-lemony-yogurt-loaf-cake-recipe-2112126
5012,Pasta e Fagioli,FN; Rachel Ray; Pasta and Beans,L/D,https://www.foodnetwork.com/recipes/rachael-ray/pasta-and-beans-pasta-e-fagioli-recipe-1939374
5013,Hash Brown Casserole,FN Kitchen,B/L,https://www.foodnetwork.com/recipes/food-network-kitchen/hash-brown-casserole-recipe-2121182
5014,Chicken & Broccoli Stir-fry,FN Kitchen,L/D,https://www.foodnetwork.com/recipes/food-network-kitchen/chicken-and-broccoli-stir-fry-recipe-1942670
5015,Buiscuit Crust,FN; Ellie Krieger,D,
5016,Steel Cut Oatmeal,FN; Alton Brown,B,https://www.foodnetwork.com/recipes/alton-brown/steel-cut-oatmeal-recipe-1939448
5018,Green Beans w/Lemon & Garlic,FN; The Neelys,L/D,https://www.foodnetwork.com/recipes/patrick-and-gina-neely/green-beans-with-lemon-and-garlic-recipe-1938670
5020,"Oven ""Fries""",FN Kitchen,L/D/S,https://www.foodnetwork.com/recipes/oven-fries-recipe-1958449
5021,Marinated Pork Tenderloins,FN; Ina Garten; Herb-Marinated ..,L/D,https://www.foodnetwork.com/recipes/ina-garten/herb-marinated-pork-tenderloins-recipe-1948375
5022,Herbed Quinoa w/Dressing,FN; Giada at Home,L/D,https://www.foodnetwork.com/recipes/giada-de-laurentiis/herbed-quinoa-recipe-2012212
5023,Frozen Blueberries Smoothies,FN Kitchen,L/D,https://www.foodnetwork.com/recipes/food-network-kitchen/frozen-fruit-smoothies-recipe-1914927
5024,Chicken Piccata,FN Kitchen,L/D,
5025,Overnight Oatmeal,FN; Alton Brown,B/D,https://www.foodnetwork.com/recipes/alton-brown/overnight-oatmeal-recipe-1939324
5026,Quinoa Salad,"FN; Mary Sue Milliken, Susan Feniger",L/D,
5027,Zucchini Parmesan Crisps,FN; Ellie Krieger,L/D/S,https://www.foodnetwork.com/recipes/ellie-krieger/zucchini-parmesan-crisps-recipe-1939866
5028,Frozen Strawberries Smoothies,FN Kitchen,B/Bv,https://www.foodnetwork.com/recipes/food-network-kitchen/frozen-fruit-smoothies-recipe-1914927
5029,Roman-Style Chicken,FN; Giada De Laurentiis,L/D,https://www.foodnetwork.com/recipes/giada-de-laurentiis/roman-style-chicken-recipe-1945439
5030,Frozen Raspberries Smoothies,FN Kitchen,B/Bv,https://www.foodnetwork.com/recipes/food-network-kitchen/frozen-fruit-smoothies-recipe-1914927
5031,Lentil Soup,FN; Alto Brown; using chicken broth,L/D,https://www.foodnetwork.com/recipes/alton-brown/lentil-soup-recipe-1947017
5032,Marinated Chicken Breast,FN Kitchen,L/D,https://www.foodnetwork.com/recipes/food-network-kitchen/marinated-chicken-breasts-recipe-1951801
5033,Chicken Saltimbocca,FN; Giada De Laurentiis,L/D,https://www.foodnetwork.com/recipes/giada-de-laurentiis/chicken-saltimbocca-recipe-1942157
5034,Garden Vegetable Soup,FN; Alto Brown; using chicken broth,L/D,https://www.foodnetwork.com/recipes/alton-brown/garden-vegetable-soup-recipe.html
5035,Salmon w/ Herb Mustard Glaze,FN; Giada De Laurentiis; Broiled Salmon ..,L/D,https://www.foodnetwork.com/recipes/giada-de-laurentiis/broiled-salmon-with-herb-mustard-glaze-recipe-2103443
5036,Healthy Cauliflower Rice,FN Kitchen,L/D,https://www.foodnetwork.com/recipes/food-network-kitchen/healthy-cauliflower-rice-3363582
5037,Roasted Brussels Sprout,FN; Ina Garten,L/D,https://www.foodnetwork.com/recipes/ina-garten/roasted-brussels-sprouts-recipe-1913316
5038,Sauteed Kale,FN; Bobby Flay,L/D,https://www.foodnetwork.com/recipes/bobby-flay/sauteed-kale-recipe-1960155
5039,Chicken Pot Pie (no crust),FN; Ellie Krieger; see also recipe for biscuit crust,L/D,https://www.foodnetwork.com/recipes/ellie-krieger/you-and-me-chicken-pot-pies-recipe-1952274
5040,Three Bean and Beef Chili,FN; Ellie Krieger,L/D,https://www.foodnetwork.com/recipes/ellie-krieger/three-bean-and-beef-chili-recipe-1917076
5042,Hasselback Sweet Potatoes,FN Kitchen,B/L/D,https://www.foodnetwork.com/recipes/food-network-kitchen/hasselback-sweet-potatoes-recipe-2106932
5043,Tuscan Vegetable Soup,FN; Ellie Krieger,L/D,https://www.foodnetwork.com/recipes/ellie-krieger/tuscan-vegetable-soup-recipe-1957503
5044,Salmon Baked in Foil,FN; Giada De Laurentiis,L/D,https://www.foodnetwork.com/recipes/giada-de-laurentiis/salmon-baked-in-foil-recipe-1914818
5045,Garlic Sauteed Spinach,FN; Ina Garten,L/D,https://www.foodnetwork.com/recipes/ina-garten/garlic-sauteed-spinach-recipe-1944598
5046,Roasted Caulif. & Broccoli,FN; Ellie Krieger,L/D,https://www.foodnetwork.com/recipes/ellie-krieger/roasted-cauliflower-and-broccoli-recipe-1947594
5048,Chia Seed Pudding,FN; Giada De Laurentiis,B/D,https://www.foodnetwork.com/recipes/giada-de-laurentiis/chia-seed-pudding-3362661
5049,Easy Tomato Sauce,FN; Ellie Krieger,L/D,https://www.foodnetwork.com/recipes/ellie-krieger/easy-tomato-sauce-recipe-1947455
5050,Roasted Carrots,FN; Ina Garten,L/D,https://www.foodnetwork.com/recipes/ina-garten/roasted-carrots-recipe-1940444
5051,Fish Tacos,FN; Bobby Flay; garnish & salsa not included,L/D,https://www.foodnetwork.com/recipes/bobby-flay/fish-tacos-recipe-1940773
5052,Marinara Sauce - FN Recipe,FN; Giada De Laurentiis,L/D,https://www.foodnetwork.com/recipes/giada-de-laurentiis/marinara-sauce-recipe-2103577
5053,Guacamole,FN; Alton Brown,L/D/S,https://www.foodnetwork.com/recipes/alton-brown/guacamole-recipe-1940609
5054,Apple Sandwiches,MedlinePlus; Apple Sandwiches,B,https://medlineplus.gov/recipes/apple-sandwiches/
5055,Applesauce French Toast,MedlinePlus; Applesauce French Toast,B,https://medlineplus.gov/recipes/applesauce-french-toast/
5056,Baked Apple and Cranberries,MedlinePlus; Baked Apple and Cranberries,B/Ds,https://medlineplus.gov/recipes/baked-apple-and-cranberries/
5057,Baked Berry Oatmeal,MedlinePlus; Baked Berry Oatmeal,B,https://medlineplus.gov/recipes/baked-berry-oatmeal/
5058,Baked Tilapia with Tomatoes,MedlinePlus; Baked Tilapia with Tomatoes; https://medlineplus.gov/recipes/baked-tilapia-with-tomatoes/,L/D,https://medlineplus.gov/recipes/baked-tilapia-with-tomatoes/
5059,Banana Oatmeal Bread,MedlinePlus; Banana Oatmeal Bread; https://medlineplus.gov/recipes/banana-oatmeal-bread/,B/Ds,https://medlineplus.gov/recipes/banana-oatmeal-bread/
5060,"Barley, Bean, and Corn Salad","MedlinePlus; Barley, Bean, and Corn Salad; https://medlineplus.gov/recipes/barley-bean-and-corn-salad/",L/D,https://medlineplus.gov/recipes/barley-bean-and-corn-salad/
5061,Bean Salad,MedlinePlus; Bean Salad; https://medlineplus.gov/recipes/bean-salad/,L/D,https://medlineplus.gov/recipes/bean-salad/
5062,Beef and Broccoli,MedlinePlus; Beef and Broccoli; https://medlineplus.gov/recipes/beef-and-broccoli/,L/D,https://medlineplus.gov/recipes/beef-and-broccoli/
5063,Bell Pepper Nachos,MedlinePlus; Bell Pepper Nachos; https://medlineplus.gov/recipes/bell-pepper-nachos/,L/D,https://medlineplus.gov/recipes/bell-pepper-nachos/
5064,Berry Blast Off,MedlinePlus; Berry Blast Off; https://medlineplus.gov/recipes/berry-blast-off/,B/Ds,https://medlineplus.gov/recipes/berry-blast-off/
5065,Black Bean Soup,MedlinePlus; Black Bean Soup; https://medlineplus.gov/recipes/black-bean-soup/,L/D,https://medlineplus.gov/recipes/black-bean-soup/
5066,Blueberry Tofu Smoothie,MedlinePlus; Blueberry Tofu Smoothie; https://medlineplus.gov/recipes/blueberry-tofu-smoothie/,B/Bv,https://medlineplus.gov/recipes/blueberry-tofu-smoothie/
5067,Breakfast Banana Split,MedlinePlus; Breakfast Banana Split; https://medlineplus.gov/recipes/breakfast-banana-split/,B,https://medlineplus.gov/recipes/breakfast-banana-split/
5068,Breakfast Burritos,MedlinePlus; Breakfast Burritos; https://medlineplus.gov/recipes/breakfast-burritos/,B/L/D,https://medlineplus.gov/recipes/breakfast-burritos/
5069,Broccoli Everything Salad,MedlinePlus; Broccoli and Everything Salad; https://medlineplus.gov/recipes/broccoli-and-everything-salad/,L/D,https://medlineplus.gov/recipes/broccoli-and-everything-salad/
5070,Buttermilk Scones,MedlinePlus; Buttermilk Scones; https://medlineplus.gov/recipes/buttermilk-scones/,B/S,https://medlineplus.gov/recipes/buttermilk-scones/
5071,Cheesy Polenta Pie,MedlinePlus; Cheesy Polenta Pie; https://medlineplus.gov/recipes/cheesy-polenta-pie/,L/D,https://medlineplus.gov/recipes/cheesy-polenta-pie/
5072,Cherry Puff Pancake,MedlinePlus; Cherry Puff Pancake; https://medlineplus.gov/recipes/cherry-puff-pancake/,B/Ds,https://medlineplus.gov/recipes/cherry-puff-pancake/
5073,Chicken Cabbage Stir-fry,MedlinePlus; Chicken Cabbage Stir-fry; https://medlineplus.gov/recipes/chicken-cabbage-stir-fry/,L/D,https://medlineplus.gov/recipes/chicken-cabbage-stir-fry/
5074,Chicken Creole,MedlinePlus; Chicken Creole; https://medlineplus.gov/recipes/chicken-creole/,L/D,https://medlineplus.gov/recipes/chicken-creole/
5075,Chicken Pepper Bake,MedlinePlus; Chicken Pepper Bake; https://medlineplus.gov/recipes/chicken-pepper-bake/,L/D,https://medlineplus.gov/recipes/chicken-pepper-bake/
5076,Chicken Soup with Tortilla,MedlinePlus; Chicken Soup with Tortilla; https://medlineplus.gov/recipes/chicken-soup-with-tortilla/,L/D,https://medlineplus.gov/recipes/chicken-soup-with-tortilla/
5077,Chicken and Black Bean...,MedlinePlus; Chicken and Black Bean Salsa Burritos; https://medlineplus.gov/recipes/chicken-and-black-bean-salsa-burritos/,L/D,https://medlineplus.gov/recipes/chicken-and-black-bean-salsa-burritos/
5078,Chicken Dumpling Casserole,MedlinePlus; Chicken and Dumpling Casserole; https://medlineplus.gov/recipes/chicken-and-dumpling-casserole/,L/D,https://medlineplus.gov/recipes/chicken-and-dumpling-casserole/
5079,Chicken and Rice,MedlinePlus; Chicken and Rice; https://medlineplus.gov/recipes/chicken-and-rice/,L/D,https://medlineplus.gov/recipes/chicken-and-rice/
5080,Easy Cheesy Enchiladas,MedlinePlus; Easy Cheesy Enchiladas; https://medlineplus.gov/recipes/easy-cheesy-enchiladas/,L/D,https://medlineplus.gov/recipes/easy-cheesy-enchiladas/
5081,Fiesta Barley Salad,MedlinePlus; Fiesta Barley Salad; https://medlineplus.gov/recipes/fiesta-barley-salad/,L/D,https://medlineplus.gov/recipes/fiesta-barley-salad/
5082,Fish Salad,MedlinePlus; Fish Salad; https://medlineplus.gov/recipes/fish-salad/,L/D,https://medlineplus.gov/recipes/fish-salad/
5083,Fish Tacos,MedlinePlus; Fish Tacos; https://medlineplus.gov/recipes/fish-tacos/,L/D,https://medlineplus.gov/recipes/fish-tacos/
5084,Fish and Spinach Bake,MedlinePlus; Fish and Spinach Bake; https://medlineplus.gov/recipes/fish-and-spinach-bake/,L/D,https://medlineplus.gov/recipes/fish-and-spinach-bake/
5085,Fruity French Toast …,MedlinePlus; Fruity French Toast Casserole; https://medlineplus.gov/recipes/fruity-french-toast-casserole/,B/Ds,https://medlineplus.gov/recipes/fruity-french-toast-casserole/
5086,Garden Vegetable Cakes,MedlinePlus; Garden Vegetable Cakes; https://medlineplus.gov/recipes/garden-vegetable-cakes/,L/D,https://medlineplus.gov/recipes/garden-vegetable-cakes/
5087,Green Pineapple Smoothie,MedlinePlus; Green Pineapple Power Smoothie; https://medlineplus.gov/recipes/green-pineapple-power-smoothie/,B/Bv,https://medlineplus.gov/recipes/green-pineapple-power-smoothie/
5088,Grilled Tuna with Chickpea...,MedlinePlus; Grilled Tuna with Chickpea and Spinach Salad; https://medlineplus.gov/recipes/grilled-tuna-with-chickpea-and-spinach-salad/,L/D,https://medlineplus.gov/recipes/grilled-tuna-with-chickpea-and-spinach-salad/
5089,Indian Lentils and Pasta,MedlinePlus; Indian Lentils and Pasta; https://medlineplus.gov/recipes/indian-lentils-and-pasta/,L/D,https://medlineplus.gov/recipes/indian-lentils-and-pasta/
5090,Kale and White Bean Soup,MedlinePlus; Kale and White Bean Soup; https://medlineplus.gov/recipes/kale-and-white-bean-soup/,L/D,https://medlineplus.gov/recipes/kale-and-white-bean-soup/
5091,Lentil Confetti Salad,MedlinePlus; Lentil Confetti Salad; https://medlineplus.gov/recipes/lentil-confetti-salad/,L/D,https://medlineplus.gov/recipes/lentil-confetti-salad/
5092,Meatball Soup,MedlinePlus; Meatball Soup; https://medlineplus.gov/recipes/meatball-soup/,L/D,https://medlineplus.gov/recipes/meatball-soup/
5093,Melon and Mint,MedlinePlus; Melon and Mint; https://medlineplus.gov/recipes/melon-and-mint/,Ds,https://medlineplus.gov/recipes/melon-and-mint/
5094,Minestrone Soup,MedlinePlus; Minestrone Soup; https://medlineplus.gov/recipes/minestrone-soup/,L/D,https://medlineplus.gov/recipes/minestrone-soup/
5095,Mushroom Bulgur Pilaf,MedlinePlus; Mushroom Bulgur Pilaf; https://medlineplus.gov/recipes/mushroom-bulgur-pilaf/,L/D,https://medlineplus.gov/recipes/mushroom-bulgur-pilaf/
5096,Oatmeal Pecan Waffles,MedlinePlus; Oatmeal Pecan Waffles (or Pancakes); https://medlineplus.gov/recipes/oatmeal-pecan-waffles-or-pancakes/,B,https://medlineplus.gov/recipes/oatmeal-pecan-waffles-or-pancakes/
5097,Pasta Caprese,MedlinePlus; Pasta Caprese; https://medlineplus.gov/recipes/pasta-caprese/,L/D,https://medlineplus.gov/recipes/pasta-caprese/
5098,Pasta Ratatouille,MedlinePlus; Pasta Ratatouille; https://medlineplus.gov/recipes/pasta-ratatouille/,L/D,https://medlineplus.gov/recipes/pasta-ratatouille/
5099,Peach Sundae,MedlinePlus; Peach Sundae; https://medlineplus.gov/recipes/peach-sundae/,Ds,https://medlineplus.gov/recipes/peach-sundae/
5100,Peach Yogurt Smoothie,MedlinePlus; Peach Yogurt Smoothie; https://medlineplus.gov/recipes/peach-yogurt-smoothie/,B/Bv,https://medlineplus.gov/recipes/peach-yogurt-smoothie/
5101,Peanut Butter Cereal Bars,MedlinePlus; Peanut Butter Cereal Bars; https://medlineplus.gov/recipes/peanut-butter-cereal-bars/,B/S,https://medlineplus.gov/recipes/peanut-butter-cereal-bars/
5102,Peanut Power Smoothie,MedlinePlus; Peanut Power Smoothie; https://medlineplus.gov/recipes/peanut-power-smoothie/,B/Bv,https://medlineplus.gov/recipes/peanut-power-smoothie/
5103,Pineapple Veggie Chicken,MedlinePlus; Pineapple Veggie Chicken; https://medlineplus.gov/recipes/pineapple-veggie-chicken/,L/D,https://medlineplus.gov/recipes/pineapple-veggie-chicken/
5104,Pozole with Chicken,MedlinePlus; Pozole with Chicken; https://medlineplus.gov/recipes/pozole-with-chicken/,L/D,https://medlineplus.gov/recipes/pozole-with-chicken/
5105,Pumpkin Breakfast Cookies,MedlinePlus; Pumpkin Breakfast Cookies; https://medlineplus.gov/recipes/pumpkin-breakfast-cookies/,B/S,https://medlineplus.gov/recipes/pumpkin-breakfast-cookies/
5106,Pumpkin Ricotta Stuffed Shells,MedlinePlus; Pumpkin Ricotta Stuffed Shells; https://medlineplus.gov/recipes/pumpkin-ricotta-stuffed-shells/,L/D,https://medlineplus.gov/recipes/pumpkin-ricotta-stuffed-shells/
5107,Pupusas Revueltas,MedlinePlus; Pupusas Revueltas; https://medlineplus.gov/recipes/pupusas-revueltas/,L/D,https://medlineplus.gov/recipes/pupusas-revueltas/
5108,Quick Beef Casserole,MedlinePlus; Quick Beef Casserole; https://medlineplus.gov/recipes/quick-beef-casserole/,L/D,https://medlineplus.gov/recipes/quick-beef-casserole/
5109,Quinoa Salad,MedlinePlus; Quinoa Salad; https://medlineplus.gov/recipes/quinoa-salad/,L/D,https://medlineplus.gov/recipes/quinoa-salad/
5110,Raspberry Oatmeal Bars,MedlinePlus; Raspberry Oatmeal Bars; https://medlineplus.gov/recipes/raspberry-oatmeal-bars/,B/Ds,https://medlineplus.gov/recipes/raspberry-oatmeal-bars/
5111,Rice Bowl Southwestern Style,MedlinePlus; Rice Bowl Southwestern Style; https://medlineplus.gov/recipes/rice-bowl-southwestern-style/,L/D,https://medlineplus.gov/recipes/rice-bowl-southwestern-style/
5112,Summer Breeze Smoothie,MedlinePlus; Summer Breeze Smoothie; https://medlineplus.gov/recipes/summer-breeze-smoothie/,B/Bv,https://medlineplus.gov/recipes/summer-breeze-smoothie/
5113,"Sweet Potato, Orange Muffin",MedlinePlus; Sweet Potato and Orange Muffins; https://medlineplus.gov/recipes/sweet-potato-and-orange-muffins/,B,https://medlineplus.gov/recipes/sweet-potato-and-orange-muffins/
5114,Tofu Banana Pudding,MedlinePlus; Tofu Banana Pudding; https://medlineplus.gov/recipes/tofu-banana-pudding/,B/Ds,https://medlineplus.gov/recipes/tofu-banana-pudding/
5115,Tomato Pasta Salad,MedlinePlus; Tomato Pasta Salad; https://medlineplus.gov/recipes/tomato-pasta-salad/,L/D,https://medlineplus.gov/recipes/tomato-pasta-salad/
5116,Tuna Veggie Melt,MedlinePlus; Tuna Veggie Melt; https://medlineplus.gov/recipes/tuna-veggie-melt/,L/D,https://medlineplus.gov/recipes/tuna-veggie-melt/
5117,Turkey Ginger Rice Lettuce...,MedlinePlus; Turkey Ginger Rice Lettuce Wraps; https://medlineplus.gov/recipes/turkey-ginger-rice-lettuce-wraps/,L/D,https://medlineplus.gov/recipes/turkey-ginger-rice-lettuce-wraps/
5118,Un-beet-able Berry Smoothie,MedlinePlus; Un-beet-able Berry Smoothie; https://medlineplus.gov/recipes/un-beet-able-berry-smoothie/,B/Bv,https://medlineplus.gov/recipes/un-beet-able-berry-smoothie/
5119,Vegetarian Chili,MedlinePlus; Vegetarian Chili; https://medlineplus.gov/recipes/vegetarian-chili/,L/D,https://medlineplus.gov/recipes/vegetarian-chili/
5120,Vegetarian Tofu Enchiladas,MedlinePlus; Vegetarian Tofu Enchiladas; https://medlineplus.gov/recipes/vegetarian-tofu-enchiladas/,L/D,https://medlineplus.gov/recipes/vegetarian-tofu-enchiladas/
5121,Watermelon and Fruit Salad,MedlinePlus; Watermelon and Fruit Salad; https://medlineplus.gov/recipes/watermelon-and-fruit-salad/,B/Ds,https://medlineplus.gov/recipes/watermelon-and-fruit-salad/
5122,Whole-Wheat Zucchini Bread,MedlinePlus; Whole-Wheat Zucchini Bread; https://medlineplus.gov/recipes/whole-wheat-zucchini-bread/,B/Ds,https://medlineplus.gov/recipes/whole-wheat-zucchini-bread/
5123,Zucchini Pizza Boats,MedlinePlus; Zucchini Pizza Boats; https://medlineplus.gov/recipes/zucchini-pizza-boats/,L/D,https://medlineplus.gov/recipes/zucchini-pizza-boats/
